unique_id,year,tract_number,county_name,state_name,Total number of households,Median household income (dollars),Mean household income (dollars)
08001007801,2018,7801,Adams County,Colorado,1280,32744,42004
08001007802,2018,7802,Adams County,Colorado,1445,30598,41771
08001007900,2018,7900,Adams County,Colorado,1904,41738,48359
08001008000,2018,8000,Adams County,Colorado,1774,50483,60798
08001008100,2018,8100,Adams County,Colorado,711,46875,61814
08001008200,2018,8200,Adams County,Colorado,1528,62689,75085
08001008308,2018,8308,Adams County,Colorado,1835,41619,51409
08001008309,2018,8309,Adams County,Colorado,1083,55024,57524
08001008353,2018,8353,Adams County,Colorado,2578,68697,80271
08001008401,2018,8401,Adams County,Colorado,1647,70871,91033
08001008402,2018,8402,Adams County,Colorado,1600,83243,101059
08001008505,2018,8505,Adams County,Colorado,2375,69758,75416
08001008506,2018,8506,Adams County,Colorado,2717,42010,52062
08001008507,2018,8507,Adams County,Colorado,2006,81630,90242
08001008508,2018,8508,Adams County,Colorado,1947,80117,87719
08001008523,2018,8523,Adams County,Colorado,2860,100328,115208
08001008524,2018,8524,Adams County,Colorado,2563,103340,124236
08001008526,2018,8526,Adams County,Colorado,2536,88182,106072
08001008529,2018,8529,Adams County,Colorado,3254,65375,67629
08001008533,2018,8533,Adams County,Colorado,2957,73633,93349
08001008534,2018,8534,Adams County,Colorado,1353,95572,104329
08001008535,2018,8535,Adams County,Colorado,1144,83088,85416
08001008536,2018,8536,Adams County,Colorado,984,115000,124844
08001008537,2018,8537,Adams County,Colorado,1881,90398,108838
08001008538,2018,8538,Adams County,Colorado,2255,108472,116190
08001008539,2018,8539,Adams County,Colorado,3044,91351,97132
08001008540,2018,8540,Adams County,Colorado,2480,109549,120958
08001008541,2018,8541,Adams County,Colorado,2042,128295,149702
08001008542,2018,8542,Adams County,Colorado,2709,97245,112764
08001008543,2018,8543,Adams County,Colorado,2823,78482,97238
08001008544,2018,8544,Adams County,Colorado,1688,123382,132657
08001008545,2018,8545,Adams County,Colorado,2244,113500,126930
08001008546,2018,8546,Adams County,Colorado,1260,79485,100082
08001008547,2018,8547,Adams County,Colorado,1143,81488,91230
08001008548,2018,8548,Adams County,Colorado,584,93750,98227
08001008549,2018,8549,Adams County,Colorado,1297,95275,99682
08001008550,2018,8550,Adams County,Colorado,2676,90275,97943
08001008551,2018,8551,Adams County,Colorado,416,134167,150390
08001008603,2018,8603,Adams County,Colorado,770,37688,44251
08001008604,2018,8604,Adams County,Colorado,1144,66719,73546
08001008605,2018,8605,Adams County,Colorado,1444,66474,78581
08001008606,2018,8606,Adams County,Colorado,2461,53246,68235
08001008705,2018,8705,Adams County,Colorado,1451,46139,58631
08001008706,2018,8706,Adams County,Colorado,1588,52805,54273
08001008709,2018,8709,Adams County,Colorado,2533,41538,47896
08001008801,2018,8801,Adams County,Colorado,1509,44222,52876
08001008802,2018,8802,Adams County,Colorado,1172,47069,59596
08001008901,2018,8901,Adams County,Colorado,730,49079,59236
08001009001,2018,9001,Adams County,Colorado,1477,48993,59401
08001009002,2018,9002,Adams County,Colorado,3246,54667,74004
08001009101,2018,9101,Adams County,Colorado,1397,64479,71941
08001009103,2018,9103,Adams County,Colorado,1117,49044,55974
08001009104,2018,9104,Adams County,Colorado,1883,63750,74121
08001009202,2018,9202,Adams County,Colorado,1395,59250,61629
08001009203,2018,9203,Adams County,Colorado,1721,41761,48531
08001009204,2018,9204,Adams County,Colorado,2632,71204,71526
08001009206,2018,9206,Adams County,Colorado,808,71250,88704
08001009207,2018,9207,Adams County,Colorado,1559,65879,69766
08001009304,2018,9304,Adams County,Colorado,2152,55152,77434
08001009306,2018,9306,Adams County,Colorado,1246,60455,81038
08001009307,2018,9307,Adams County,Colorado,1209,60264,62003
08001009308,2018,9308,Adams County,Colorado,1363,61488,69045
08001009309,2018,9309,Adams County,Colorado,1620,50792,61215
08001009310,2018,9310,Adams County,Colorado,1921,54187,60534
08001009316,2018,9316,Adams County,Colorado,2208,46432,66138
08001009318,2018,9318,Adams County,Colorado,2255,37952,52211
08001009319,2018,9319,Adams County,Colorado,903,38433,62858
08001009320,2018,9320,Adams County,Colorado,1053,42004,47430
08001009321,2018,9321,Adams County,Colorado,1278,48772,63555
08001009322,2018,9322,Adams County,Colorado,1616,50230,72156
08001009323,2018,9323,Adams County,Colorado,1459,56250,67150
08001009325,2018,9325,Adams County,Colorado,2381,75020,105469
08001009326,2018,9326,Adams County,Colorado,1152,77969,98966
08001009327,2018,9327,Adams County,Colorado,1518,75893,99031
08001009401,2018,9401,Adams County,Colorado,1771,62046,74093
08001009406,2018,9406,Adams County,Colorado,1741,66458,75921
08001009407,2018,9407,Adams County,Colorado,1765,63004,78509
08001009408,2018,9408,Adams County,Colorado,1778,102500,121225
08001009409,2018,9409,Adams County,Colorado,2263,109363,132541
08001009410,2018,9410,Adams County,Colorado,1183,118472,134472
08001009411,2018,9411,Adams County,Colorado,1265,83798,98580
08001009501,2018,9501,Adams County,Colorado,1176,50887,59341
08001009502,2018,9502,Adams County,Colorado,1518,71337,93058
08001009553,2018,9553,Adams County,Colorado,1184,56094,65616
08001009603,2018,9603,Adams County,Colorado,2283,46451,55278
08001009604,2018,9604,Adams County,Colorado,1891,51555,66500
08001009606,2018,9606,Adams County,Colorado,1078,44924,60669
08001009607,2018,9607,Adams County,Colorado,1831,46082,59829
08001009608,2018,9608,Adams County,Colorado,1340,75556,85129
08001009751,2018,9751,Adams County,Colorado,1324,48767,57252
08001009752,2018,9752,Adams County,Colorado,1034,67850,69922
08001015000,2018,15000,Adams County,Colorado,1173,39675,49108
08001060000,2018,60000,Adams County,Colorado,1900,116754,129341
08001060100,2018,60100,Adams County,Colorado,2415,94191,115601
08001060200,2018,60200,Adams County,Colorado,1767,64154,90232
08001061200,2018,61200,Adams County,Colorado,679,132250,146696
08001988700,2018,988700,Adams County,Colorado,0,-666666666,-666666666
08003960000,2018,960000,Alamosa County,Colorado,674,47786,63832
08003960100,2018,960100,Alamosa County,Colorado,846,53261,66200
08003960200,2018,960200,Alamosa County,Colorado,2653,47971,59622
08003960300,2018,960300,Alamosa County,Colorado,1980,27955,39667
08005004951,2018,4951,Arapahoe County,Colorado,1368,51071,55549
08005004952,2018,4952,Arapahoe County,Colorado,1646,50909,63594
08005005551,2018,5551,Arapahoe County,Colorado,1117,48528,55176
08005005552,2018,5552,Arapahoe County,Colorado,1285,32008,41760
08005005553,2018,5553,Arapahoe County,Colorado,1550,56474,74151
08005005611,2018,5611,Arapahoe County,Colorado,1926,81930,123879
08005005612,2018,5612,Arapahoe County,Colorado,1522,83617,202672
08005005614,2018,5614,Arapahoe County,Colorado,1297,92125,95019
08005005619,2018,5619,Arapahoe County,Colorado,1826,84211,125089
08005005620,2018,5620,Arapahoe County,Colorado,1692,55429,67601
08005005621,2018,5621,Arapahoe County,Colorado,1204,121250,156947
08005005622,2018,5622,Arapahoe County,Colorado,1045,113125,211806
08005005623,2018,5623,Arapahoe County,Colorado,1699,110417,142264
08005005624,2018,5624,Arapahoe County,Colorado,869,112218,141487
08005005625,2018,5625,Arapahoe County,Colorado,1250,89907,97441
08005005626,2018,5626,Arapahoe County,Colorado,1653,70197,84120
08005005627,2018,5627,Arapahoe County,Colorado,1828,104911,133111
08005005628,2018,5628,Arapahoe County,Colorado,2273,86856,103027
08005005629,2018,5629,Arapahoe County,Colorado,836,151667,198217
08005005630,2018,5630,Arapahoe County,Colorado,2233,94229,125194
08005005631,2018,5631,Arapahoe County,Colorado,1247,114119,129035
08005005632,2018,5632,Arapahoe County,Colorado,1257,119033,136016
08005005633,2018,5633,Arapahoe County,Colorado,1330,104756,145797
08005005634,2018,5634,Arapahoe County,Colorado,1627,68586,101606
08005005635,2018,5635,Arapahoe County,Colorado,1988,92604,118807
08005005636,2018,5636,Arapahoe County,Colorado,692,202188,363176
08005005700,2018,5700,Arapahoe County,Colorado,1822,48465,73987
08005005800,2018,5800,Arapahoe County,Colorado,1225,81708,114673
08005005951,2018,5951,Arapahoe County,Colorado,2544,36640,54774
08005005952,2018,5952,Arapahoe County,Colorado,1682,58869,95832
08005006000,2018,6000,Arapahoe County,Colorado,1395,51201,63949
08005006100,2018,6100,Arapahoe County,Colorado,1598,50802,66370
08005006200,2018,6200,Arapahoe County,Colorado,1332,66034,82478
08005006300,2018,6300,Arapahoe County,Colorado,1141,69280,84833
08005006400,2018,6400,Arapahoe County,Colorado,1266,61042,76861
08005006501,2018,6501,Arapahoe County,Colorado,1245,47743,59028
08005006502,2018,6502,Arapahoe County,Colorado,1459,65816,80786
08005006601,2018,6601,Arapahoe County,Colorado,2544,42298,65811
08005006603,2018,6603,Arapahoe County,Colorado,1413,82586,93738
08005006604,2018,6604,Arapahoe County,Colorado,1919,47127,71777
08005006704,2018,6704,Arapahoe County,Colorado,1520,250001,410575
08005006705,2018,6705,Arapahoe County,Colorado,639,250001,396179
08005006706,2018,6706,Arapahoe County,Colorado,2031,97435,149436
08005006707,2018,6706,Arapahoe County,Colorado,1876,103629,129002
08005006708,2018,6708,Arapahoe County,Colorado,1985,112467,144380
08005006709,2018,6709,Arapahoe County,Colorado,2154,123482,142595
08005006711,2018,6711,Arapahoe County,Colorado,1428,123162,139866
08005006712,2018,6712,Arapahoe County,Colorado,579,182031,301696
08005006713,2018,6713,Arapahoe County,Colorado,869,72340,78798
08005006808,2018,6808,Arapahoe County,Colorado,1888,167721,216489
08005006815,2018,6815,Arapahoe County,Colorado,1818,66250,108906
08005006854,2018,6854,Arapahoe County,Colorado,1238,82059,109920
08005006855,2018,6855,Arapahoe County,Colorado,1973,125234,189876
08005006856,2018,6856,Arapahoe County,Colorado,3414,77075,94495
08005006857,2018,6856,Arapahoe County,Colorado,915,146875,247255
08005006858,2018,6858,Arapahoe County,Colorado,2658,74571,89842
08005007101,2018,7101,Arapahoe County,Colorado,1861,75196,95981
08005007103,2018,7103,Arapahoe County,Colorado,585,108365,115299
08005007104,2018,7104,Arapahoe County,Colorado,1458,95574,104471
08005007105,2018,7105,Arapahoe County,Colorado,1998,84410,112665
08005007106,2018,7106,Arapahoe County,Colorado,1840,122614,125997
08005007107,2018,7106,Arapahoe County,Colorado,3011,125203,144794
08005007201,2018,7201,Arapahoe County,Colorado,1271,42067,55589
08005007202,2018,7202,Arapahoe County,Colorado,1353,37250,49341
08005007301,2018,7301,Arapahoe County,Colorado,860,47015,52208
08005007302,2018,7302,Arapahoe County,Colorado,1818,35577,40804
08005007400,2018,7400,Arapahoe County,Colorado,1622,49107,64247
08005007500,2018,7500,Arapahoe County,Colorado,787,59063,67769
08005007600,2018,7600,Arapahoe County,Colorado,1232,36056,49654
08005007702,2018,7702,Arapahoe County,Colorado,1504,57202,70465
08005007703,2018,7703,Arapahoe County,Colorado,1604,52981,72466
08005007704,2018,7704,Arapahoe County,Colorado,1871,47152,54438
08005015100,2018,15100,Arapahoe County,Colorado,1072,136176,151422
08005080000,2018,80000,Arapahoe County,Colorado,1244,51400,58316
08005080100,2018,80100,Arapahoe County,Colorado,1802,39515,56846
08005080200,2018,80200,Arapahoe County,Colorado,2154,82967,94579
08005080300,2018,80300,Arapahoe County,Colorado,2263,68924,86054
08005080400,2018,80400,Arapahoe County,Colorado,2047,69175,85013
08005080500,2018,80500,Arapahoe County,Colorado,1687,63625,72872
08005080600,2018,80600,Arapahoe County,Colorado,1816,50688,54780
08005080700,2018,80700,Arapahoe County,Colorado,1920,66882,71756
08005080800,2018,80800,Arapahoe County,Colorado,1123,55219,61449
08005080900,2018,80900,Arapahoe County,Colorado,1339,65270,75490
08005081000,2018,81000,Arapahoe County,Colorado,2318,36737,46669
08005081100,2018,81100,Arapahoe County,Colorado,2494,41673,54173
08005081200,2018,81200,Arapahoe County,Colorado,1865,48262,56732
08005081300,2018,81300,Arapahoe County,Colorado,1063,54375,66941
08005081400,2018,81400,Arapahoe County,Colorado,1586,69559,76482
08005081500,2018,81500,Arapahoe County,Colorado,2136,36471,46336
08005081600,2018,81600,Arapahoe County,Colorado,1840,73611,72472
08005081700,2018,81700,Arapahoe County,Colorado,988,142679,157075
08005081800,2018,81800,Arapahoe County,Colorado,1577,51932,59322
08005081900,2018,81900,Arapahoe County,Colorado,2361,42815,54678
08005082000,2018,82000,Arapahoe County,Colorado,1738,46278,48972
08005082100,2018,82100,Arapahoe County,Colorado,2332,63750,72095
08005082200,2018,82200,Arapahoe County,Colorado,2123,54602,69492
08005082300,2018,82300,Arapahoe County,Colorado,1377,61078,65158
08005082400,2018,82400,Arapahoe County,Colorado,1434,62461,77426
08005082500,2018,82500,Arapahoe County,Colorado,743,68618,86845
08005082600,2018,82600,Arapahoe County,Colorado,2256,58545,69738
08005082700,2018,82700,Arapahoe County,Colorado,1160,86694,94191
08005082800,2018,82800,Arapahoe County,Colorado,1849,66069,73969
08005082900,2018,82900,Arapahoe County,Colorado,1638,76591,90938
08005083000,2018,83000,Arapahoe County,Colorado,1227,102563,109596
08005083100,2018,83100,Arapahoe County,Colorado,2537,91386,108570
08005083200,2018,83200,Arapahoe County,Colorado,2802,117442,122726
08005083300,2018,83300,Arapahoe County,Colorado,1790,84464,87093
08005083400,2018,83400,Arapahoe County,Colorado,2223,78550,87126
08005083500,2018,83500,Arapahoe County,Colorado,2150,62245,81056
08005083600,2018,83600,Arapahoe County,Colorado,1623,59386,70588
08005083700,2018,83700,Arapahoe County,Colorado,1450,88500,111488
08005083800,2018,83800,Arapahoe County,Colorado,1097,70072,99750
08005083900,2018,83900,Arapahoe County,Colorado,1430,59020,74689
08005084000,2018,84000,Arapahoe County,Colorado,757,98672,117456
08005084100,2018,84100,Arapahoe County,Colorado,1533,72538,77972
08005084200,2018,84200,Arapahoe County,Colorado,1274,73846,81836
08005084300,2018,84300,Arapahoe County,Colorado,1180,77368,87930
08005084400,2018,84400,Arapahoe County,Colorado,999,82686,88801
08005084500,2018,84500,Arapahoe County,Colorado,1162,62292,71715
08005084600,2018,84600,Arapahoe County,Colorado,1964,69310,87719
08005084700,2018,84700,Arapahoe County,Colorado,1604,79884,90831
08005084800,2018,84800,Arapahoe County,Colorado,1192,91667,101012
08005084900,2018,84900,Arapahoe County,Colorado,1058,145938,176659
08005085000,2018,85000,Arapahoe County,Colorado,782,93194,131716
08005085100,2018,85100,Arapahoe County,Colorado,1993,160964,180207
08005085200,2018,85200,Arapahoe County,Colorado,943,143125,154414
08005085300,2018,85300,Arapahoe County,Colorado,1010,104500,151146
08005085400,2018,85400,Arapahoe County,Colorado,1426,132083,134636
08005085500,2018,85500,Arapahoe County,Colorado,1803,115302,127818
08005085600,2018,85600,Arapahoe County,Colorado,1000,133333,151288
08005085700,2018,85700,Arapahoe County,Colorado,1674,69595,82936
08005085800,2018,85800,Arapahoe County,Colorado,631,82589,94402
08005085900,2018,85900,Arapahoe County,Colorado,1672,110366,119171
08005086000,2018,86000,Arapahoe County,Colorado,2443,99764,107073
08005086100,2018,86100,Arapahoe County,Colorado,1565,98641,101040
08005086200,2018,86200,Arapahoe County,Colorado,2011,108720,120659
08005086300,2018,86300,Arapahoe County,Colorado,1892,86293,97532
08005086400,2018,86400,Arapahoe County,Colorado,724,168281,212210
08005086500,2018,86500,Arapahoe County,Colorado,1903,90276,125489
08005086600,2018,86600,Arapahoe County,Colorado,2470,85487,108219
08005086700,2018,86700,Arapahoe County,Colorado,1449,156972,183994
08005086800,2018,86800,Arapahoe County,Colorado,3174,59416,82454
08005086900,2018,86900,Arapahoe County,Colorado,1412,53776,60537
08005087000,2018,87000,Arapahoe County,Colorado,2104,53073,70917
08005087100,2018,87100,Arapahoe County,Colorado,1318,40912,51107
08005087200,2018,87200,Arapahoe County,Colorado,2126,53495,73759
08005087300,2018,87300,Arapahoe County,Colorado,3132,58000,108001
08007940400,2018,940400,Archuleta County,Colorado,575,57250,67594
08007974200,2018,974200,Archuleta County,Colorado,2585,56174,64409
08007974300,2018,974300,Archuleta County,Colorado,1439,44349,68343
08007974400,2018,974400,Archuleta County,Colorado,1071,48011,85208
08009964600,2018,964600,Baca County,Colorado,745,44327,52884
08009964700,2018,964700,Baca County,Colorado,897,34055,50217
08011966700,2018,966700,Bent County,Colorado,1744,34392,47944
08013012101,2018,12101,Boulder County,Colorado,1991,114271,168049
08013012102,2018,12102,Boulder County,Colorado,3037,73396,120588
08013012103,2018,12103,Boulder County,Colorado,1627,92862,144231
08013012104,2018,12104,Boulder County,Colorado,1058,121146,159824
08013012105,2018,12105,Boulder County,Colorado,2439,84435,104732
08013012201,2018,12201,Boulder County,Colorado,1722,60357,102259
08013012202,2018,12202,Boulder County,Colorado,3161,38194,56976
08013012203,2018,12203,Boulder County,Colorado,3906,59618,92916
08013012204,2018,12204,Boulder County,Colorado,1875,42348,76411
08013012300,2018,12300,Boulder County,Colorado,667,40464,58508
08013012401,2018,12401,Boulder County,Colorado,1946,22578,59811
08013012501,2018,12501,Boulder County,Colorado,1171,81205,110299
08013012505,2018,12505,Boulder County,Colorado,1640,108750,149448
08013012507,2018,12507,Boulder County,Colorado,1723,62163,91740
08013012508,2018,12508,Boulder County,Colorado,1333,76397,89269
08013012509,2018,12509,Boulder County,Colorado,1311,102450,135721
08013012510,2018,12510,Boulder County,Colorado,1880,120441,163471
08013012511,2018,12511,Boulder County,Colorado,1803,53870,89299
08013012603,2018,12603,Boulder County,Colorado,1388,108141,127951
08013012605,2018,12605,Boulder County,Colorado,718,37708,49162
08013012607,2018,12607,Boulder County,Colorado,2939,24793,34845
08013012608,2018,12608,Boulder County,Colorado,1015,80852,92850
08013012701,2018,12701,Boulder County,Colorado,2371,150117,160223
08013012705,2018,12705,Boulder County,Colorado,2277,65963,92204
08013012707,2018,12707,Boulder County,Colorado,637,93438,125919
08013012708,2018,12708,Boulder County,Colorado,2231,106186,153391
08013012709,2018,12709,Boulder County,Colorado,689,111042,126574
08013012710,2018,12710,Boulder County,Colorado,1541,118309,159284
08013012800,2018,12800,Boulder County,Colorado,4052,134028,153001
08013012903,2018,12903,Boulder County,Colorado,931,133750,176342
08013012904,2018,12904,Boulder County,Colorado,2316,90982,122096
08013012905,2018,12905,Boulder County,Colorado,1217,54290,65865
08013012907,2018,12907,Boulder County,Colorado,1466,81250,102426
08013013003,2018,13003,Boulder County,Colorado,2741,103701,141208
08013013004,2018,13004,Boulder County,Colorado,1227,131406,163398
08013013005,2018,13005,Boulder County,Colorado,1295,86058,112440
08013013006,2018,13006,Boulder County,Colorado,2182,98611,111796
08013013201,2018,13201,Boulder County,Colorado,622,94444,111627
08013013202,2018,13202,Boulder County,Colorado,546,118839,146927
08013013205,2018,13205,Boulder County,Colorado,2081,110417,176044
08013013207,2018,13207,Boulder County,Colorado,1831,86635,108212
08013013208,2018,13208,Boulder County,Colorado,2570,72383,87670
08013013210,2018,13210,Boulder County,Colorado,1801,63781,69429
08013013211,2018,13211,Boulder County,Colorado,2218,118603,152135
08013013212,2018,13212,Boulder County,Colorado,1830,81354,106403
08013013213,2018,13213,Boulder County,Colorado,3352,91341,124516
08013013302,2018,13302,Boulder County,Colorado,2348,70459,94759
08013013305,2018,13305,Boulder County,Colorado,2004,67438,76888
08013013306,2018,13306,Boulder County,Colorado,1716,54011,64322
08013013307,2018,13307,Boulder County,Colorado,1593,58504,64586
08013013308,2018,13308,Boulder County,Colorado,1704,44470,64816
08013013401,2018,13401,Boulder County,Colorado,1475,40457,55571
08013013402,2018,13402,Boulder County,Colorado,3101,70420,86100
08013013503,2018,13503,Boulder County,Colorado,1956,49213,60728
08013013505,2018,13505,Boulder County,Colorado,1633,44479,60497
08013013506,2018,13506,Boulder County,Colorado,1609,105559,114300
08013013507,2018,13507,Boulder County,Colorado,1197,76862,95103
08013013508,2018,13508,Boulder County,Colorado,2525,84801,101858
08013013601,2018,13601,Boulder County,Colorado,1585,96821,121247
08013013602,2018,13602,Boulder County,Colorado,390,87955,110411
08013013701,2018,13701,Boulder County,Colorado,2644,105313,141159
08013013702,2018,13702,Boulder County,Colorado,2758,91648,124737
08013060600,2018,60600,Boulder County,Colorado,2348,111696,126361
08013060700,2018,60700,Boulder County,Colorado,1286,105896,141793
08013060800,2018,60800,Boulder County,Colorado,3446,54393,72105
08013060900,2018,60900,Boulder County,Colorado,1900,74286,95495
08013061300,2018,61300,Boulder County,Colorado,1005,167917,185797
08013061400,2018,61400,Boulder County,Colorado,1297,128042,146862
08014030000,2018,30000,Broomfield County,Colorado,1465,65959,77715
08014030100,2018,30100,Broomfield County,Colorado,918,64318,84361
08014030200,2018,30200,Broomfield County,Colorado,874,77159,85728
08014030300,2018,30300,Broomfield County,Colorado,1671,62897,96405
08014030400,2018,30400,Broomfield County,Colorado,1361,135563,152342
08014030500,2018,30500,Broomfield County,Colorado,2134,137603,167525
08014030600,2018,30600,Broomfield County,Colorado,2242,83429,92144
08014030700,2018,30700,Broomfield County,Colorado,1241,93203,109280
08014030800,2018,30800,Broomfield County,Colorado,1943,85742,101871
08014030900,2018,30900,Broomfield County,Colorado,2201,108385,150354
08014031000,2018,31000,Broomfield County,Colorado,2256,109291,139721
08014031100,2018,31100,Broomfield County,Colorado,3268,66863,74998
08014031200,2018,31200,Broomfield County,Colorado,2209,72455,85771
08014031300,2018,31300,Broomfield County,Colorado,988,159677,217340
08014031400,2018,31400,Broomfield County,Colorado,1950,117679,138840
08014980100,2018,980100,Broomfield County,Colorado,0,-666666666,-666666666
08014980200,2018,980200,Broomfield County,Colorado,0,-666666666,-666666666
08014980300,2018,980300,Broomfield County,Colorado,0,-666666666,-666666666
08015000100,2018,100,Chaffee County,Colorado,1328,40089,55683
08015000200,2018,200,Chaffee County,Colorado,1885,58385,77040
08015000300,2018,300,Chaffee County,Colorado,1434,63194,75981
08015000401,2018,401,Chaffee County,Colorado,2018,53143,67318
08015000402,2018,401,Chaffee County,Colorado,1293,54375,62069
08017960600,2018,960600,Cheyenne County,Colorado,742,55227,66044
08019014700,2018,14700,Clear Creek County,Colorado,2429,82978,98143
08019014800,2018,14800,Clear Creek County,Colorado,843,57266,70988
08019014900,2018,14900,Clear Creek County,Colorado,1368,58357,73007
08021974800,2018,974800,Conejos County,Colorado,1421,29009,42364
08021974900,2018,974900,Conejos County,Colorado,1647,42150,54775
08023972600,2018,972600,Costilla County,Colorado,858,33235,52909
08023972700,2018,972700,Costilla County,Colorado,829,26250,35626
08025969600,2018,969600,Crowley County,Colorado,1194,37586,49717
08027970100,2018,970100,Custer County,Colorado,2083,44644,60902
08029964600,2018,964600,Delta County,Colorado,1531,44044,76208
08029964700,2018,964700,Delta County,Colorado,1629,51101,70408
08029964800,2018,964800,Delta County,Colorado,1225,51750,62991
08029964900,2018,964900,Delta County,Colorado,2152,42594,51463
08029965000,2018,965000,Delta County,Colorado,1957,46446,67025
08029965100,2018,965100,Delta County,Colorado,1630,39811,52230
08029965200,2018,965200,Delta County,Colorado,1758,42708,55898
08031000102,2018,102,Denver County,Colorado,1613,87798,110975
08031000201,2018,200,Denver County,Colorado,1618,55541,71556
08031000202,2018,202,Denver County,Colorado,1737,57181,71824
08031000301,2018,301,Denver County,Colorado,2856,72173,98274
08031000302,2018,302,Denver County,Colorado,2131,94661,135137
08031000303,2018,303,Denver County,Colorado,2160,92133,140491
08031000401,2018,401,Denver County,Colorado,1464,66136,85696
08031000402,2018,401,Denver County,Colorado,2984,87667,115630
08031000501,2018,501,Denver County,Colorado,959,114896,143073
08031000502,2018,501,Denver County,Colorado,2773,69858,102662
08031000600,2018,600,Denver County,Colorado,1859,62664,80964
08031000701,2018,701,Denver County,Colorado,2142,37008,55110
08031000702,2018,702,Denver County,Colorado,2078,32572,57142
08031000800,2018,800,Denver County,Colorado,465,9766,16771
08031000902,2018,902,Denver County,Colorado,1897,56042,65027
08031000903,2018,902,Denver County,Colorado,1977,43594,48764
08031000904,2018,903,Denver County,Colorado,1889,26511,44668
08031000905,2018,905,Denver County,Colorado,1256,60242,91664
08031001000,2018,1000,Denver County,Colorado,1318,42917,53885
08031001101,2018,1101,Denver County,Colorado,1009,55568,80038
08031001102,2018,1102,Denver County,Colorado,2103,87917,114915
08031001301,2018,1301,Denver County,Colorado,1727,53180,62657
08031001302,2018,1302,Denver County,Colorado,1446,42474,50949
08031001401,2018,1401,Denver County,Colorado,2251,43287,56768
08031001402,2018,1402,Denver County,Colorado,1539,45840,65337
08031001403,2018,1403,Denver County,Colorado,1596,58583,69670
08031001500,2018,1500,Denver County,Colorado,1184,50185,55346
08031001600,2018,1600,Denver County,Colorado,5578,83503,97517
08031001701,2018,1701,Denver County,Colorado,4344,93654,141554
08031001702,2018,1702,Denver County,Colorado,2637,65408,111423
08031001800,2018,1800,Denver County,Colorado,1721,47725,58697
08031001901,2018,1901,Denver County,Colorado,1153,26607,44320
08031001902,2018,1902,Denver County,Colorado,40,125625,153220
08031002000,2018,2000,Denver County,Colorado,1433,100947,133042
08031002100,2018,2100,Denver County,Colorado,3077,72064,90199
08031002300,2018,2300,Denver County,Colorado,2292,84200,100169
08031002402,2018,2402,Denver County,Colorado,866,73125,115924
08031002403,2018,2403,Denver County,Colorado,2303,46758,73043
08031002601,2018,2601,Denver County,Colorado,2473,50858,68102
08031002602,2018,2602,Denver County,Colorado,1745,80286,95924
08031002701,2018,2701,Denver County,Colorado,3595,41957,53589
08031002702,2018,2702,Denver County,Colorado,4192,61611,82195
08031002703,2018,2703,Denver County,Colorado,3456,46076,56321
08031002801,2018,2801,Denver County,Colorado,1656,66096,89833
08031002802,2018,2802,Denver County,Colorado,2683,56576,77360
08031002803,2018,2803,Denver County,Colorado,3088,60560,84424
08031002901,2018,2901,Denver County,Colorado,1706,81779,101763
08031002902,2018,2902,Denver County,Colorado,1916,120446,159686
08031003001,2018,3001,Denver County,Colorado,2692,102313,127450
08031003002,2018,3002,Denver County,Colorado,1295,91033,106545
08031003003,2018,3003,Denver County,Colorado,1095,57981,100803
08031003004,2018,3004,Denver County,Colorado,2403,65052,100415
08031003101,2018,3101,Denver County,Colorado,780,64250,99540
08031003102,2018,3102,Denver County,Colorado,1989,43219,65172
08031003201,2018,3201,Denver County,Colorado,3414,63438,98957
08031003202,2018,3202,Denver County,Colorado,2087,58125,90298
08031003203,2018,3203,Denver County,Colorado,1296,177813,270647
08031003300,2018,3300,Denver County,Colorado,1467,135875,150282
08031003401,2018,3401,Denver County,Colorado,1365,98144,131002
08031003402,2018,3402,Denver County,Colorado,1945,154073,226612
08031003500,2018,3500,Denver County,Colorado,1803,54602,62370
08031003601,2018,3601,Denver County,Colorado,1744,52188,72948
08031003602,2018,3602,Denver County,Colorado,1697,46679,76844
08031003603,2018,3603,Denver County,Colorado,1454,64539,90433
08031003701,2018,3701,Denver County,Colorado,1890,67946,97563
08031003702,2018,3702,Denver County,Colorado,2754,53354,79059
08031003703,2018,3703,Denver County,Colorado,1656,62680,109306
08031003800,2018,3800,Denver County,Colorado,4190,107574,164442
08031003901,2018,3901,Denver County,Colorado,2165,126964,175112
08031003902,2018,3902,Denver County,Colorado,1836,116310,182493
08031004002,2018,4002,Denver County,Colorado,1342,110571,162251
08031004003,2018,4003,Denver County,Colorado,2058,78784,106385
08031004004,2018,4004,Denver County,Colorado,901,77731,113545
08031004005,2018,4004,Denver County,Colorado,1624,57555,89994
08031004006,2018,4006,Denver County,Colorado,2075,80298,168522
08031004101,2018,4101,Denver County,Colorado,1997,37294,52760
08031004102,2018,4102,Denver County,Colorado,1527,51958,77309
08031004103,2018,4103,Denver County,Colorado,2193,115977,131686
08031004104,2018,4104,Denver County,Colorado,1902,91337,115407
08031004106,2018,4106,Denver County,Colorado,3719,148795,167030
08031004107,2018,4107,Denver County,Colorado,4532,118692,140699
08031004201,2018,4201,Denver County,Colorado,1973,107662,152959
08031004202,2018,4202,Denver County,Colorado,1664,122500,165929
08031004301,2018,4301,Denver County,Colorado,2971,46871,68022
08031004302,2018,4302,Denver County,Colorado,1225,89872,116705
08031004303,2018,4303,Denver County,Colorado,1518,209000,311829
08031004304,2018,4304,Denver County,Colorado,2782,100043,124004
08031004306,2018,4306,Denver County,Colorado,2259,106599,176415
08031004403,2018,4403,Denver County,Colorado,1961,59229,70570
08031004404,2018,4404,Denver County,Colorado,2462,37976,55915
08031004405,2018,4405,Denver County,Colorado,3964,84866,129928
08031004503,2018,4503,Denver County,Colorado,1334,38641,44587
08031004504,2018,4504,Denver County,Colorado,1207,43750,58425
08031004505,2018,4505,Denver County,Colorado,1344,33684,51589
08031004506,2018,4506,Denver County,Colorado,1133,30795,40314
08031004601,2018,4601,Denver County,Colorado,1949,49848,60464
08031004602,2018,4602,Denver County,Colorado,2337,44555,54306
08031004603,2018,4603,Denver County,Colorado,2114,56176,62239
08031004700,2018,4700,Denver County,Colorado,2317,62482,74665
08031004801,2018,4801,Denver County,Colorado,1125,71875,96252
08031005001,2018,5001,Denver County,Colorado,1095,68694,78133
08031005002,2018,5002,Denver County,Colorado,3475,41946,68572
08031005102,2018,5102,Denver County,Colorado,1524,76105,87611
08031005104,2018,5104,Denver County,Colorado,1681,44926,65602
08031005200,2018,5200,Denver County,Colorado,1384,107875,118343
08031005300,2018,5300,Denver County,Colorado,697,44770,66786
08031005502,2018,5502,Denver County,Colorado,609,77039,80665
08031005503,2018,5503,Denver County,Colorado,1775,78260,84659
08031006701,2018,6701,Denver County,Colorado,2154,76866,90344
08031006804,2018,6804,Denver County,Colorado,1566,87010,104716
08031006809,2018,6809,Denver County,Colorado,3756,68333,97217
08031006810,2018,6809,Denver County,Colorado,2594,64865,80409
08031006811,2018,6811,Denver County,Colorado,3125,65549,85323
08031006812,2018,6812,Denver County,Colorado,2124,66462,104703
08031006813,2018,6813,Denver County,Colorado,2494,48647,58781
08031006814,2018,6814,Denver County,Colorado,2045,55284,73901
08031006901,2018,6901,Denver County,Colorado,2861,45613,60778
08031007006,2018,7006,Denver County,Colorado,2482,42133,51048
08031007013,2018,7013,Denver County,Colorado,1969,68773,81049
08031007037,2018,7037,Denver County,Colorado,1891,39530,51876
08031007088,2018,7088,Denver County,Colorado,2469,64450,72050
08031007089,2018,7089,Denver County,Colorado,3784,32500,43942
08031008304,2018,8304,Denver County,Colorado,1040,49402,69475
08031008305,2018,8305,Denver County,Colorado,1082,51837,61566
08031008306,2018,8306,Denver County,Colorado,1896,46250,57167
08031008312,2018,8312,Denver County,Colorado,2327,58550,68999
08031008386,2018,8386,Denver County,Colorado,1270,70536,76318
08031008387,2018,8387,Denver County,Colorado,1699,74922,82097
08031008388,2018,8388,Denver County,Colorado,3090,62875,77129
08031008389,2018,8389,Denver County,Colorado,3357,83313,94282
08031008390,2018,8390,Denver County,Colorado,2819,63640,72296
08031008391,2018,8391,Denver County,Colorado,2289,73906,79701
08031011902,2018,11902,Denver County,Colorado,2799,62180,72018
08031011903,2018,11903,Denver County,Colorado,960,61750,90034
08031012001,2018,12001,Denver County,Colorado,904,78696,107323
08031012010,2018,12010,Denver County,Colorado,2533,70273,86319
08031012014,2018,12014,Denver County,Colorado,3115,66708,73671
08031015300,2018,15300,Denver County,Colorado,2334,46786,66416
08031015400,2018,15400,Denver County,Colorado,1706,70208,80222
08031015500,2018,15500,Denver County,Colorado,1843,52057,62033
08031015600,2018,15600,Denver County,Colorado,2407,44816,60435
08031015700,2018,15700,Denver County,Colorado,2187,46959,61974
08031980000,2018,980000,Denver County,Colorado,636,54592,59537
08031980100,2018,980100,Denver County,Colorado,0,-666666666,-666666666
08033000100,2018,100,Dolores County,Colorado,740,41714,58964
08035013901,2018,13901,Douglas County,Colorado,2839,118603,144816
08035013904,2018,13904,Douglas County,Colorado,1767,64970,73176
08035013905,2018,13905,Douglas County,Colorado,1660,95577,106617
08035013907,2018,13907,Douglas County,Colorado,1963,102930,128428
08035013908,2018,13908,Douglas County,Colorado,2551,130162,155024
08035013909,2018,13909,Douglas County,Colorado,2267,99974,150737
08035013910,2018,13910,Douglas County,Colorado,2292,138771,140023
08035013911,2018,13911,Douglas County,Colorado,2227,141653,155420
08035014001,2018,14001,Douglas County,Colorado,3012,82652,92764
08035014005,2018,14005,Douglas County,Colorado,1790,97625,126617
08035014006,2018,14006,Douglas County,Colorado,2138,134611,146732
08035014007,2018,14007,Douglas County,Colorado,1468,79583,90394
08035014008,2018,14008,Douglas County,Colorado,2746,137611,154658
08035014009,2018,14009,Douglas County,Colorado,1246,105474,116894
08035014010,2018,14010,Douglas County,Colorado,2156,99853,113461
08035014011,2018,14011,Douglas County,Colorado,1746,99643,124186
08035014012,2018,14012,Douglas County,Colorado,2691,112708,142785
08035014013,2018,14013,Douglas County,Colorado,2297,144756,170490
08035014107,2018,14107,Douglas County,Colorado,1457,118574,151420
08035014108,2018,14108,Douglas County,Colorado,1801,106779,135048
08035014109,2018,14109,Douglas County,Colorado,1178,121857,157095
08035014110,2018,14110,Douglas County,Colorado,2283,82215,111323
08035014112,2018,14112,Douglas County,Colorado,1459,122097,138470
08035014113,2018,14113,Douglas County,Colorado,1026,133295,144183
08035014114,2018,14113,Douglas County,Colorado,1372,84300,94094
08035014115,2018,14115,Douglas County,Colorado,1741,119904,152234
08035014116,2018,14116,Douglas County,Colorado,2521,93623,143202
08035014122,2018,14122,Douglas County,Colorado,2477,165871,235759
08035014123,2018,14122,Douglas County,Colorado,1317,90568,158648
08035014124,2018,14124,Douglas County,Colorado,1785,144281,152347
08035014125,2018,14125,Douglas County,Colorado,2045,126480,171867
08035014126,2018,14126,Douglas County,Colorado,1028,83750,97304
08035014127,2018,14127,Douglas County,Colorado,1800,157768,190876
08035014128,2018,14128,Douglas County,Colorado,1852,108255,121628
08035014129,2018,14129,Douglas County,Colorado,1235,129875,151024
08035014130,2018,14130,Douglas County,Colorado,2470,122596,143052
08035014131,2018,14131,Douglas County,Colorado,2434,85115,105116
08035014132,2018,14132,Douglas County,Colorado,2051,164219,177622
08035014133,2018,14133,Douglas County,Colorado,2132,136176,158736
08035014134,2018,14134,Douglas County,Colorado,2049,140188,158887
08035014135,2018,14135,Douglas County,Colorado,1272,179000,220074
08035014136,2018,14136,Douglas County,Colorado,3018,102313,131839
08035014137,2018,14137,Douglas County,Colorado,2967,160599,176933
08035014138,2018,14138,Douglas County,Colorado,1649,85043,108453
08035014139,2018,14138,Douglas County,Colorado,1516,120714,152174
08035014140,2018,14140,Douglas County,Colorado,1772,161618,213714
08035014202,2018,14202,Douglas County,Colorado,705,92404,122945
08035014203,2018,14203,Douglas County,Colorado,2290,135463,164789
08035014204,2018,14204,Douglas County,Colorado,1186,117083,128557
08035014300,2018,14300,Douglas County,Colorado,382,60000,89495
08035014403,2018,14403,Douglas County,Colorado,2177,122969,158013
08035014404,2018,14404,Douglas County,Colorado,1077,126767,164199
08035014405,2018,14405,Douglas County,Colorado,2414,131944,157865
08035014406,2018,14406,Douglas County,Colorado,4310,114265,132554
08035014503,2018,14503,Douglas County,Colorado,2175,89250,109120
08035014504,2018,14504,Douglas County,Colorado,1806,68093,80080
08035014505,2018,14505,Douglas County,Colorado,2141,95819,112682
08035014506,2018,14506,Douglas County,Colorado,1672,143750,169961
08035014602,2018,14602,Douglas County,Colorado,970,113889,142824
08035014603,2018,14603,Douglas County,Colorado,2201,96379,114027
08035014604,2018,14604,Douglas County,Colorado,1357,110298,120083
08037000100,2018,100,Eagle County,Colorado,507,65417,71146
08037000200,2018,200,Eagle County,Colorado,2127,82292,93602
08037000301,2018,301,Eagle County,Colorado,2244,86860,114644
08037000302,2018,302,Eagle County,Colorado,958,73795,104769
08037000401,2018,401,Eagle County,Colorado,1592,67138,87808
08037000402,2018,401,Eagle County,Colorado,1539,109238,162566
08037000403,2018,403,Eagle County,Colorado,2475,109076,120675
08037000501,2018,501,Eagle County,Colorado,243,84196,122251
08037000502,2018,501,Eagle County,Colorado,1120,90946,99352
08037000503,2018,503,Eagle County,Colorado,2107,76196,113115
08037000600,2018,600,Eagle County,Colorado,508,84306,90248
08037000701,2018,701,Eagle County,Colorado,460,102708,136585
08037000702,2018,702,Eagle County,Colorado,792,70000,116546
08037000703,2018,703,Eagle County,Colorado,1078,70000,122987
08039961100,2018,961100,Elbert County,Colorado,832,53182,80101
08039961204,2018,961204,Elbert County,Colorado,2622,122218,132906
08039961205,2018,961204,Elbert County,Colorado,755,90536,99868
08039961206,2018,961206,Elbert County,Colorado,1339,100677,127096
08039961207,2018,961207,Elbert County,Colorado,1436,114000,140133
08039961208,2018,961208,Elbert County,Colorado,1226,91528,112043
08039961209,2018,961209,Elbert County,Colorado,836,81500,93737
08041000101,2018,101,El Paso County,Colorado,2906,47923,57452
08041000102,2018,102,El Paso County,Colorado,1304,74904,78872
08041000202,2018,202,El Paso County,Colorado,1857,62859,73715
08041000203,2018,202,El Paso County,Colorado,1766,49316,59554
08041000301,2018,301,El Paso County,Colorado,1379,47898,58972
08041000302,2018,302,El Paso County,Colorado,1928,35268,40369
08041000400,2018,400,El Paso County,Colorado,1064,53226,59906
08041000500,2018,500,El Paso County,Colorado,972,52424,62986
08041000600,2018,600,El Paso County,Colorado,1265,57614,69170
08041000700,2018,700,El Paso County,Colorado,1499,43872,58669
08041000800,2018,800,El Paso County,Colorado,1379,52019,70986
08041000900,2018,900,El Paso County,Colorado,1147,74306,94187
08041001000,2018,1000,El Paso County,Colorado,1030,84083,171647
08041001101,2018,1101,El Paso County,Colorado,758,37232,48845
08041001104,2018,1104,El Paso County,Colorado,1526,49464,68001
08041001301,2018,1301,El Paso County,Colorado,1098,50282,54615
08041001302,2018,1302,El Paso County,Colorado,2542,46875,65441
08041001400,2018,1400,El Paso County,Colorado,1650,45472,57172
08041001500,2018,1500,El Paso County,Colorado,964,41771,54217
08041001600,2018,1600,El Paso County,Colorado,1042,37979,57740
08041001700,2018,1700,El Paso County,Colorado,918,50203,67066
08041001800,2018,1800,El Paso County,Colorado,939,74250,83233
08041001900,2018,1900,El Paso County,Colorado,2177,30688,43058
08041002000,2018,2000,El Paso County,Colorado,2769,35597,49637
08041002101,2018,2101,El Paso County,Colorado,1816,42381,46129
08041002102,2018,2102,El Paso County,Colorado,1762,44881,60227
08041002200,2018,2200,El Paso County,Colorado,1359,36107,49118
08041002300,2018,2300,El Paso County,Colorado,875,21463,43374
08041002400,2018,2400,El Paso County,Colorado,2682,53352,62943
08041002501,2018,2501,El Paso County,Colorado,1444,115268,166982
08041002502,2018,2502,El Paso County,Colorado,2044,51574,73922
08041002700,2018,2700,El Paso County,Colorado,1502,32080,44142
08041002800,2018,2800,El Paso County,Colorado,2684,39709,61929
08041002900,2018,2900,El Paso County,Colorado,2381,31069,37965
08041003000,2018,3000,El Paso County,Colorado,2153,40324,62341
08041003100,2018,3100,El Paso County,Colorado,1846,105000,170142
08041003303,2018,3303,El Paso County,Colorado,2468,39731,57858
08041003305,2018,3304,El Paso County,Colorado,2876,125536,149034
08041003306,2018,3306,El Paso County,Colorado,1152,74087,105738
08041003307,2018,3307,El Paso County,Colorado,1410,69111,85726
08041003308,2018,3308,El Paso County,Colorado,2582,55991,66207
08041003400,2018,3400,El Paso County,Colorado,1589,63657,109191
08041003701,2018,3701,El Paso County,Colorado,3095,79299,90937
08041003702,2018,3702,El Paso County,Colorado,1963,112219,128624
08041003705,2018,3704,El Paso County,Colorado,2357,88967,121405
08041003706,2018,3706,El Paso County,Colorado,1768,84643,97431
08041003707,2018,3707,El Paso County,Colorado,1497,100438,120195
08041003708,2018,3708,El Paso County,Colorado,1250,87865,98393
08041003709,2018,3709,El Paso County,Colorado,2690,78897,92126
08041003801,2018,3801,El Paso County,Colorado,558,67083,76625
08041003802,2018,3802,El Paso County,Colorado,0,-666666666,-666666666
08041003902,2018,3902,El Paso County,Colorado,3958,105101,108910
08041003905,2018,3904,El Paso County,Colorado,1802,63897,74579
08041003906,2018,3906,El Paso County,Colorado,2507,79441,93920
08041003909,2018,3909,El Paso County,Colorado,2384,76042,84899
08041004008,2018,4008,El Paso County,Colorado,773,71075,73802
08041004009,2018,4009,El Paso County,Colorado,649,39803,50010
08041004100,2018,4100,El Paso County,Colorado,1787,56673,64910
08041004200,2018,4200,El Paso County,Colorado,1442,57295,73102
08041004300,2018,4300,El Paso County,Colorado,2123,71988,81024
08041004401,2018,4401,El Paso County,Colorado,2696,46686,49682
08041004402,2018,4402,El Paso County,Colorado,61,99750,101638
08041004403,2018,4403,El Paso County,Colorado,250,50455,57910
08041004501,2018,4501,El Paso County,Colorado,1574,41417,53171
08041004502,2018,4502,El Paso County,Colorado,2059,73735,84710
08041004503,2018,4503,El Paso County,Colorado,4796,73786,81654
08041004506,2018,4506,El Paso County,Colorado,1612,59683,63991
08041004507,2018,4507,El Paso County,Colorado,1054,66250,74575
08041004508,2018,4508,El Paso County,Colorado,2518,47885,60805
08041004510,2018,4510,El Paso County,Colorado,3189,84482,91495
08041004511,2018,4511,El Paso County,Colorado,2612,61926,68714
08041004601,2018,4601,El Paso County,Colorado,1632,62763,66467
08041004602,2018,4602,El Paso County,Colorado,1459,58301,75515
08041004603,2018,4603,El Paso County,Colorado,2364,68229,79002
08041004701,2018,4701,El Paso County,Colorado,1857,69297,77029
08041004702,2018,4702,El Paso County,Colorado,810,69265,79329
08041004703,2018,4703,El Paso County,Colorado,2317,72768,87892
08041004705,2018,4705,El Paso County,Colorado,3041,85619,86841
08041004706,2018,4706,El Paso County,Colorado,1876,100946,108205
08041004800,2018,4800,El Paso County,Colorado,1881,63016,76755
08041004901,2018,4901,El Paso County,Colorado,1457,55239,65221
08041004902,2018,4902,El Paso County,Colorado,1936,100323,118105
08041005000,2018,5000,El Paso County,Colorado,1961,50636,59771
08041005104,2018,5104,El Paso County,Colorado,3168,95613,101622
08041005105,2018,5105,El Paso County,Colorado,2288,90843,98792
08041005106,2018,5106,El Paso County,Colorado,3710,74320,86866
08041005107,2018,5107,El Paso County,Colorado,3043,89622,105975
08041005108,2018,5108,El Paso County,Colorado,3078,79519,92979
08041005109,2018,5109,El Paso County,Colorado,2882,77188,86788
08041005110,2018,5110,El Paso County,Colorado,1527,61956,76970
08041005111,2018,5111,El Paso County,Colorado,2775,75220,92031
08041005201,2018,5201,El Paso County,Colorado,1766,28750,38498
08041005202,2018,5202,El Paso County,Colorado,1405,36275,45161
08041005300,2018,5300,El Paso County,Colorado,1656,41444,49733
08041005400,2018,5400,El Paso County,Colorado,2067,28300,43897
08041005501,2018,5501,El Paso County,Colorado,1865,64464,80899
08041005502,2018,5502,El Paso County,Colorado,1900,36571,46468
08041005601,2018,5601,El Paso County,Colorado,2022,60842,78413
08041005602,2018,5602,El Paso County,Colorado,1297,72774,82994
08041005700,2018,5700,El Paso County,Colorado,2512,59167,67607
08041005800,2018,5800,El Paso County,Colorado,1200,66447,74627
08041005900,2018,5900,El Paso County,Colorado,2825,62247,70418
08041006000,2018,6000,El Paso County,Colorado,2662,39715,47844
08041006100,2018,6100,El Paso County,Colorado,1501,38025,50671
08041006200,2018,6200,El Paso County,Colorado,2041,37282,52874
08041006301,2018,6301,El Paso County,Colorado,1655,54669,64376
08041006302,2018,6302,El Paso County,Colorado,2394,38728,45008
08041006400,2018,6400,El Paso County,Colorado,2627,45521,52136
08041006501,2018,6501,El Paso County,Colorado,1148,52667,60778
08041006502,2018,6502,El Paso County,Colorado,2399,57518,62280
08041006600,2018,6600,El Paso County,Colorado,1163,54671,76706
08041006700,2018,6700,El Paso County,Colorado,2768,62736,94021
08041006801,2018,6801,El Paso County,Colorado,1763,62971,70417
08041006802,2018,6802,El Paso County,Colorado,1369,74097,87764
08041006901,2018,6901,El Paso County,Colorado,1680,96940,105868
08041006902,2018,6902,El Paso County,Colorado,1771,82581,95519
08041007000,2018,7000,El Paso County,Colorado,1522,119483,140794
08041007101,2018,7101,El Paso County,Colorado,2926,127059,131225
08041007102,2018,7102,El Paso County,Colorado,2904,138456,161744
08041007201,2018,7201,El Paso County,Colorado,3518,122991,135683
08041007202,2018,7202,El Paso County,Colorado,3260,118611,126162
08041007300,2018,7300,El Paso County,Colorado,3575,128157,155394
08041007400,2018,7400,El Paso County,Colorado,2841,164804,172403
08041007500,2018,7500,El Paso County,Colorado,3040,123135,145408
08041007601,2018,7601,El Paso County,Colorado,2709,106228,127796
08041007602,2018,7602,El Paso County,Colorado,1306,106429,116876
08041007700,2018,7700,El Paso County,Colorado,2781,60245,87368
08041007800,2018,7800,El Paso County,Colorado,1700,58853,91443
08041007900,2018,7900,El Paso County,Colorado,1293,87768,126360
08041008000,2018,8000,El Paso County,Colorado,1958,48068,58578
08043978100,2018,978100,Fremont County,Colorado,1541,62734,79609
08043978200,2018,978200,Fremont County,Colorado,1716,39301,48613
08043978300,2018,978300,Fremont County,Colorado,2370,45818,57402
08043978400,2018,978400,Fremont County,Colorado,922,45179,59310
08043978500,2018,978500,Fremont County,Colorado,2512,45373,60282
08043978600,2018,978600,Fremont County,Colorado,1842,40089,46913
08043978800,2018,978800,Fremont County,Colorado,1270,47035,55637
08043979000,2018,979000,Fremont County,Colorado,1687,43608,68357
08043979100,2018,979100,Fremont County,Colorado,1462,47083,61217
08043979200,2018,979200,Fremont County,Colorado,751,86012,112913
08043979400,2018,979400,Fremont County,Colorado,1090,53288,61599
08043980100,2018,980100,Fremont County,Colorado,0,-666666666,-666666666
08043980200,2018,980200,Fremont County,Colorado,0,-666666666,-666666666
08043980300,2018,980300,Fremont County,Colorado,0,-666666666,-666666666
08045951600,2018,951600,Garfield County,Colorado,1369,64236,91331
08045951701,2018,951701,Garfield County,Colorado,1600,79554,100922
08045951702,2018,951702,Garfield County,Colorado,1541,43942,65673
08045951802,2018,951802,Garfield County,Colorado,1431,93887,125295
08045951803,2018,951803,Garfield County,Colorado,1985,81821,93862
08045951804,2018,951804,Garfield County,Colorado,1708,83958,106619
08045951901,2018,951901,Garfield County,Colorado,1790,62833,75455
08045951902,2018,951902,Garfield County,Colorado,2474,88067,93737
08045952001,2018,952001,Garfield County,Colorado,1876,58202,63720
08045952002,2018,952002,Garfield County,Colorado,2806,66799,75850
08045952100,2018,952100,Garfield County,Colorado,2558,66833,82840
08047013800,2018,13800,Gilpin County,Colorado,2653,75120,104764
08049000100,2018,100,Grand County,Colorado,1218,56992,71097
08049000201,2018,200,Grand County,Colorado,2182,78333,89140
08049000202,2018,202,Grand County,Colorado,2423,57193,75011
08051963600,2018,963600,Gunnison County,Colorado,1761,66595,79534
08051963700,2018,963700,Gunnison County,Colorado,2556,47831,53231
08051963800,2018,963800,Gunnison County,Colorado,1940,67396,92324
08051963900,2018,963900,Gunnison County,Colorado,386,52045,65820
08053973100,2018,973100,Hinsdale County,Colorado,387,52188,76124
08055960600,2018,960600,Huerfano County,Colorado,1610,27602,39914
08055960900,2018,960900,Huerfano County,Colorado,1672,57679,60937
08057955600,2018,955600,Jackson County,Colorado,575,48828,56982
08059009806,2018,9806,Jefferson County,Colorado,1573,101033,122859
08059009807,2018,9807,Jefferson County,Colorado,826,71204,83877
08059009808,2018,9808,Jefferson County,Colorado,2584,100962,116024
08059009815,2018,9815,Jefferson County,Colorado,1897,117813,135525
08059009823,2018,9823,Jefferson County,Colorado,1748,95915,100815
08059009824,2018,9824,Jefferson County,Colorado,1780,86204,97488
08059009827,2018,9827,Jefferson County,Colorado,2452,74211,107338
08059009828,2018,9828,Jefferson County,Colorado,2191,82750,100764
08059009829,2018,9829,Jefferson County,Colorado,705,115536,121068
08059009830,2018,9830,Jefferson County,Colorado,1031,61250,80752
08059009831,2018,9831,Jefferson County,Colorado,1273,68533,72872
08059009832,2018,9832,Jefferson County,Colorado,967,75703,85907
08059009833,2018,9833,Jefferson County,Colorado,2476,68947,84951
08059009834,2018,9834,Jefferson County,Colorado,2047,64504,74609
08059009835,2018,9835,Jefferson County,Colorado,1443,101975,119197
08059009836,2018,9836,Jefferson County,Colorado,1512,114342,137872
08059009837,2018,9837,Jefferson County,Colorado,1589,142361,165542
08059009838,2018,9838,Jefferson County,Colorado,1963,137992,161977
08059009839,2018,9839,Jefferson County,Colorado,853,108029,116259
08059009840,2018,9840,Jefferson County,Colorado,1587,74975,87563
08059009841,2018,9841,Jefferson County,Colorado,905,97054,106383
08059009842,2018,9842,Jefferson County,Colorado,1405,128156,143379
08059009843,2018,9843,Jefferson County,Colorado,3242,110208,135024
08059009845,2018,9845,Jefferson County,Colorado,1759,157422,209731
08059009846,2018,9846,Jefferson County,Colorado,1911,123750,163805
08059009847,2018,9847,Jefferson County,Colorado,1278,116379,136160
08059009848,2018,9848,Jefferson County,Colorado,939,124716,203485
08059009849,2018,9849,Jefferson County,Colorado,2309,64855,87711
08059009850,2018,9850,Jefferson County,Colorado,1028,129231,196151
08059009851,2018,9851,Jefferson County,Colorado,1472,112727,157164
08059009852,2018,9852,Jefferson County,Colorado,1431,88294,109143
08059009900,2018,9900,Jefferson County,Colorado,1009,64671,89733
08059010000,2018,10000,Jefferson County,Colorado,1293,46434,83159
08059010100,2018,10100,Jefferson County,Colorado,2037,77852,91513
08059010205,2018,10205,Jefferson County,Colorado,972,101042,116329
08059010206,2018,10206,Jefferson County,Colorado,1645,85286,94498
08059010208,2018,10208,Jefferson County,Colorado,2218,76825,84516
08059010209,2018,10209,Jefferson County,Colorado,2594,63294,76944
08059010210,2018,10210,Jefferson County,Colorado,1512,93095,104970
08059010211,2018,10211,Jefferson County,Colorado,1396,62823,114149
08059010212,2018,10212,Jefferson County,Colorado,1670,68125,76743
08059010213,2018,10213,Jefferson County,Colorado,1861,56397,75423
08059010303,2018,10303,Jefferson County,Colorado,2208,79309,96157
08059010304,2018,10304,Jefferson County,Colorado,1127,78281,83621
08059010305,2018,10305,Jefferson County,Colorado,1669,60593,70617
08059010306,2018,10306,Jefferson County,Colorado,1132,64432,75720
08059010307,2018,10307,Jefferson County,Colorado,2138,50645,74839
08059010308,2018,10308,Jefferson County,Colorado,2489,83769,89218
08059010402,2018,10402,Jefferson County,Colorado,2534,48013,59787
08059010403,2018,10403,Jefferson County,Colorado,2524,52416,57138
08059010405,2018,10405,Jefferson County,Colorado,1586,43045,53420
08059010406,2018,10406,Jefferson County,Colorado,1081,39359,54385
08059010502,2018,10502,Jefferson County,Colorado,2268,61296,86962
08059010503,2018,10503,Jefferson County,Colorado,1987,52820,94550
08059010504,2018,10504,Jefferson County,Colorado,1230,113125,132843
08059010603,2018,10603,Jefferson County,Colorado,1746,63364,79829
08059010604,2018,10604,Jefferson County,Colorado,1064,59052,67082
08059010701,2018,10701,Jefferson County,Colorado,2056,56117,75635
08059010702,2018,10702,Jefferson County,Colorado,2433,58847,73224
08059010801,2018,10801,Jefferson County,Colorado,1111,104125,107644
08059010901,2018,10901,Jefferson County,Colorado,2085,72762,96008
08059010902,2018,10902,Jefferson County,Colorado,1107,45774,57367
08059011000,2018,11000,Jefferson County,Colorado,2499,61345,72578
08059011100,2018,11100,Jefferson County,Colorado,2801,49234,82354
08059011202,2018,11202,Jefferson County,Colorado,1724,75875,92516
08059011300,2018,11300,Jefferson County,Colorado,1439,47896,65664
08059011401,2018,11401,Jefferson County,Colorado,1116,40132,55193
08059011402,2018,11402,Jefferson County,Colorado,1990,41990,57285
08059011550,2018,11550,Jefferson County,Colorado,2914,38367,54444
08059011601,2018,11601,Jefferson County,Colorado,1363,56964,64985
08059011602,2018,11602,Jefferson County,Colorado,1599,54764,69120
08059011701,2018,11701,Jefferson County,Colorado,1984,75532,91674
08059011702,2018,11702,Jefferson County,Colorado,2300,77278,99643
08059011708,2018,11708,Jefferson County,Colorado,1638,78208,90666
08059011709,2018,11709,Jefferson County,Colorado,1584,58551,79162
08059011710,2018,11710,Jefferson County,Colorado,1822,62250,78658
08059011711,2018,11711,Jefferson County,Colorado,1846,64759,80632
08059011712,2018,11712,Jefferson County,Colorado,1779,86139,98023
08059011720,2018,11720,Jefferson County,Colorado,2054,95714,128768
08059011721,2018,11721,Jefferson County,Colorado,1161,93052,104262
08059011723,2018,11723,Jefferson County,Colorado,1646,52731,68528
08059011724,2018,11724,Jefferson County,Colorado,2255,152559,175791
08059011725,2018,11725,Jefferson County,Colorado,713,92868,105666
08059011726,2018,11726,Jefferson County,Colorado,2204,100479,116976
08059011727,2018,11727,Jefferson County,Colorado,1527,83726,96928
08059011728,2018,11728,Jefferson County,Colorado,1129,83981,92567
08059011729,2018,11729,Jefferson County,Colorado,2024,58902,78778
08059011730,2018,11730,Jefferson County,Colorado,1635,53260,59031
08059011731,2018,11731,Jefferson County,Colorado,2081,72566,93003
08059011732,2018,11732,Jefferson County,Colorado,2542,59737,64933
08059011733,2018,11733,Jefferson County,Colorado,798,62632,70190
08059011803,2018,11803,Jefferson County,Colorado,2024,61653,68438
08059011804,2018,11804,Jefferson County,Colorado,1668,69792,78945
08059011805,2018,11805,Jefferson County,Colorado,2831,61176,81168
08059011806,2018,11806,Jefferson County,Colorado,2186,43631,58949
08059011904,2018,11904,Jefferson County,Colorado,1204,55750,72892
08059011951,2018,11951,Jefferson County,Colorado,1377,71782,100314
08059012022,2018,12022,Jefferson County,Colorado,2290,105528,114807
08059012023,2018,12023,Jefferson County,Colorado,1291,89650,101500
08059012024,2018,12024,Jefferson County,Colorado,1948,111944,137723
08059012026,2018,12026,Jefferson County,Colorado,1398,96938,117785
08059012027,2018,12027,Jefferson County,Colorado,1196,110556,132106
08059012030,2018,12030,Jefferson County,Colorado,1638,91429,119302
08059012031,2018,12031,Jefferson County,Colorado,1535,123750,149044
08059012032,2018,12032,Jefferson County,Colorado,1044,100929,125218
08059012033,2018,12033,Jefferson County,Colorado,1195,111898,132814
08059012034,2018,12034,Jefferson County,Colorado,1421,165139,233520
08059012035,2018,12035,Jefferson County,Colorado,1791,155231,197361
08059012036,2018,12036,Jefferson County,Colorado,1395,145774,173719
08059012037,2018,12037,Jefferson County,Colorado,1500,97917,118317
08059012038,2018,12038,Jefferson County,Colorado,1346,88194,100516
08059012039,2018,12039,Jefferson County,Colorado,1953,91596,121593
08059012041,2018,12041,Jefferson County,Colorado,2136,89094,103361
08059012042,2018,12042,Jefferson County,Colorado,1357,100929,111104
08059012043,2018,12043,Jefferson County,Colorado,2143,106577,119308
08059012044,2018,12044,Jefferson County,Colorado,1590,102024,118580
08059012045,2018,12045,Jefferson County,Colorado,2188,97940,111816
08059012046,2018,12046,Jefferson County,Colorado,833,78708,91670
08059012047,2018,12047,Jefferson County,Colorado,1636,75946,91967
08059012048,2018,12048,Jefferson County,Colorado,1014,80000,100331
08059012049,2018,12049,Jefferson County,Colorado,1384,113333,129358
08059012050,2018,12050,Jefferson County,Colorado,1759,85030,115379
08059012051,2018,12051,Jefferson County,Colorado,1285,107440,127193
08059012052,2018,12052,Jefferson County,Colorado,2003,94792,122711
08059012053,2018,12053,Jefferson County,Colorado,1419,95486,103235
08059012054,2018,12054,Jefferson County,Colorado,1562,105714,131521
08059012055,2018,12055,Jefferson County,Colorado,1585,85966,99638
08059012057,2018,12057,Jefferson County,Colorado,2596,79118,95695
08059012058,2018,12058,Jefferson County,Colorado,1581,114676,130141
08059012059,2018,12059,Jefferson County,Colorado,1173,93884,110474
08059012060,2018,12060,Jefferson County,Colorado,1394,80063,91858
08059015800,2018,15800,Jefferson County,Colorado,2002,65000,84108
08059015900,2018,15900,Jefferson County,Colorado,1391,65575,80799
08059060300,2018,60300,Jefferson County,Colorado,1658,98136,108207
08059060400,2018,60400,Jefferson County,Colorado,1312,97000,109086
08059060500,2018,60500,Jefferson County,Colorado,2796,126313,144420
08059980000,2018,980000,Jefferson County,Colorado,0,-666666666,-666666666
08059980400,2018,980400,Jefferson County,Colorado,0,-666666666,-666666666
08061960100,2018,960100,Kiowa County,Colorado,593,39784,57194
08063962100,2018,962100,Kit Carson County,Colorado,1932,52994,75820
08063962200,2018,962200,Kit Carson County,Colorado,569,51103,60512
08063962300,2018,962300,Kit Carson County,Colorado,476,41184,63016
08065961700,2018,961700,Lake County,Colorado,2502,47885,63483
08065961900,2018,961900,Lake County,Colorado,851,42475,56086
08067940300,2018,940300,La Plata County,Colorado,2275,54119,68743
08067940400,2018,940400,La Plata County,Colorado,2173,66858,88271
08067970600,2018,970600,La Plata County,Colorado,3946,61704,83170
08067970701,2018,970701,La Plata County,Colorado,1881,76250,96895
08067970703,2018,970703,La Plata County,Colorado,2316,73214,87771
08067970704,2018,970704,La Plata County,Colorado,1775,75491,109886
08067970800,2018,970800,La Plata County,Colorado,2517,71850,109419
08067970900,2018,970900,La Plata County,Colorado,1687,60620,85491
08067971000,2018,971000,La Plata County,Colorado,1342,66548,90491
08067971100,2018,971100,La Plata County,Colorado,1881,54589,87315
08069000100,2018,100,Larimer County,Colorado,1544,34250,53484
08069000201,2018,200,Larimer County,Colorado,1290,33333,55836
08069000202,2018,202,Larimer County,Colorado,1041,77917,104274
08069000300,2018,300,Larimer County,Colorado,1195,87652,95549
08069000401,2018,401,Larimer County,Colorado,839,57846,66510
08069000402,2018,401,Larimer County,Colorado,1145,45188,81579
08069000503,2018,503,Larimer County,Colorado,2620,30096,53108
08069000504,2018,504,Larimer County,Colorado,1325,30417,50046
08069000505,2018,505,Larimer County,Colorado,1467,36895,46919
08069000506,2018,505,Larimer County,Colorado,1191,48267,62133
08069000600,2018,600,Larimer County,Colorado,547,17284,20938
08069000700,2018,700,Larimer County,Colorado,1365,38580,59986
08069000801,2018,801,Larimer County,Colorado,729,55568,80281
08069000802,2018,802,Larimer County,Colorado,540,54924,80197
08069000901,2018,901,Larimer County,Colorado,2502,47314,64374
08069000902,2018,902,Larimer County,Colorado,1664,60147,75649
08069001003,2018,1002,Larimer County,Colorado,2459,58364,70829
08069001004,2018,1003,Larimer County,Colorado,1392,75357,96408
08069001007,2018,1007,Larimer County,Colorado,1740,51083,78143
08069001008,2018,1008,Larimer County,Colorado,887,71250,93201
08069001009,2018,1009,Larimer County,Colorado,2449,79610,97516
08069001010,2018,1010,Larimer County,Colorado,1143,98594,123011
08069001104,2018,1104,Larimer County,Colorado,2517,56353,63530
08069001106,2018,1106,Larimer County,Colorado,1941,59401,73893
08069001107,2018,1107,Larimer County,Colorado,2334,65104,73536
08069001109,2018,1109,Larimer County,Colorado,1871,75536,83375
08069001110,2018,1110,Larimer County,Colorado,2394,46310,64039
08069001111,2018,1111,Larimer County,Colorado,1127,42474,50527
08069001112,2018,1112,Larimer County,Colorado,1711,64895,91296
08069001113,2018,1113,Larimer County,Colorado,1274,90789,111344
08069001114,2018,1114,Larimer County,Colorado,875,138977,163908
08069001301,2018,1301,Larimer County,Colorado,1539,68878,84106
08069001304,2018,1304,Larimer County,Colorado,1071,31028,38182
08069001305,2018,1305,Larimer County,Colorado,944,55214,74269
08069001306,2018,1306,Larimer County,Colorado,995,46223,55863
08069001307,2018,1307,Larimer County,Colorado,1898,68929,98339
08069001308,2018,1308,Larimer County,Colorado,2169,100625,120785
08069001601,2018,1601,Larimer County,Colorado,719,64087,88761
08069001602,2018,1602,Larimer County,Colorado,2050,84931,96921
08069001603,2018,1603,Larimer County,Colorado,1980,76250,86633
08069001605,2018,1605,Larimer County,Colorado,1751,86509,91583
08069001606,2018,1605,Larimer County,Colorado,1157,84236,111205
08069001607,2018,1607,Larimer County,Colorado,1422,96190,105324
08069001608,2018,1607,Larimer County,Colorado,1886,131705,160452
08069001704,2018,1704,Larimer County,Colorado,4195,51101,71432
08069001706,2018,1705,Larimer County,Colorado,2800,65742,81632
08069001707,2018,1707,Larimer County,Colorado,2173,52760,65587
08069001708,2018,1707,Larimer County,Colorado,1554,64565,98647
08069001709,2018,1709,Larimer County,Colorado,6515,88539,118742
08069001804,2018,1804,Larimer County,Colorado,1639,60864,74784
08069001806,2018,1805,Larimer County,Colorado,3261,82254,93675
08069001807,2018,1807,Larimer County,Colorado,2414,68858,87617
08069001808,2018,1807,Larimer County,Colorado,1939,88373,111590
08069001809,2018,1809,Larimer County,Colorado,4158,87028,108191
08069001901,2018,1901,Larimer County,Colorado,1852,52616,67126
08069001902,2018,1902,Larimer County,Colorado,2083,59205,73514
08069001903,2018,1903,Larimer County,Colorado,1619,78914,93545
08069002005,2018,2005,Larimer County,Colorado,2214,53239,67485
08069002007,2018,2007,Larimer County,Colorado,1714,48286,61738
08069002008,2018,2007,Larimer County,Colorado,1708,75508,86350
08069002010,2018,2010,Larimer County,Colorado,1005,112446,127216
08069002011,2018,2011,Larimer County,Colorado,2160,91667,121356
08069002300,2018,2300,Larimer County,Colorado,1497,69243,99101
08069002401,2018,2401,Larimer County,Colorado,750,64405,83803
08069002402,2018,2402,Larimer County,Colorado,1326,69052,95577
08069002501,2018,2501,Larimer County,Colorado,3631,108782,133641
08069002502,2018,2502,Larimer County,Colorado,3668,88548,98383
08069002503,2018,2503,Larimer County,Colorado,1151,85375,111097
08069002600,2018,2600,Larimer County,Colorado,2712,91885,124504
08069002700,2018,2700,Larimer County,Colorado,2464,74826,88686
08069002801,2018,2801,Larimer County,Colorado,1764,60446,83057
08069002802,2018,2802,Larimer County,Colorado,2826,59773,83756
08069002803,2018,2803,Larimer County,Colorado,36,47500,49611
08071000100,2018,100,Las Animas County,Colorado,1620,37167,52790
08071000200,2018,200,Las Animas County,Colorado,914,40125,48657
08071000300,2018,300,Las Animas County,Colorado,1000,52206,65658
08071000400,2018,400,Las Animas County,Colorado,1090,35588,54404
08071000500,2018,500,Las Animas County,Colorado,889,42344,47932
08071000800,2018,800,Las Animas County,Colorado,964,53611,65384
08073961700,2018,961700,Lincoln County,Colorado,785,48787,67530
08073961800,2018,961800,Lincoln County,Colorado,735,50625,60484
08075965900,2018,965900,Logan County,Colorado,425,57898,70888
08075966000,2018,966000,Logan County,Colorado,826,50263,70482
08075966100,2018,966100,Logan County,Colorado,3044,54503,70004
08075966200,2018,966200,Logan County,Colorado,1371,41424,44435
08075966300,2018,966300,Logan County,Colorado,1899,42259,55355
08075966400,2018,966400,Logan County,Colorado,618,58333,67076
08077000200,2018,200,Mesa County,Colorado,1118,26667,41186
08077000300,2018,300,Mesa County,Colorado,786,32188,43393
08077000400,2018,400,Mesa County,Colorado,1647,47535,62265
08077000500,2018,500,Mesa County,Colorado,633,27250,34253
08077000601,2018,601,Mesa County,Colorado,1894,40947,48484
08077000602,2018,602,Mesa County,Colorado,2187,28324,36855
08077000700,2018,700,Mesa County,Colorado,1877,37114,49520
08077000800,2018,800,Mesa County,Colorado,2987,54097,67825
08077000900,2018,900,Mesa County,Colorado,1314,47482,59630
08077001001,2018,1001,Mesa County,Colorado,2298,52136,91717
08077001002,2018,1002,Mesa County,Colorado,3000,55833,73337
08077001101,2018,1101,Mesa County,Colorado,3338,51101,58442
08077001102,2018,1102,Mesa County,Colorado,1967,62361,82031
08077001200,2018,1200,Mesa County,Colorado,891,82431,93227
08077001301,2018,1301,Mesa County,Colorado,3646,45568,53909
08077001302,2018,1302,Mesa County,Colorado,2024,67143,80371
08077001402,2018,1402,Mesa County,Colorado,2362,73554,84477
08077001403,2018,1403,Mesa County,Colorado,1479,78750,88818
08077001404,2018,1404,Mesa County,Colorado,2072,90378,104396
08077001501,2018,1501,Mesa County,Colorado,5206,57545,61210
08077001502,2018,1502,Mesa County,Colorado,2911,63674,90588
08077001600,2018,1600,Mesa County,Colorado,1601,82563,107998
08077001702,2018,1702,Mesa County,Colorado,1895,48528,69657
08077001703,2018,1703,Mesa County,Colorado,1718,61429,69735
08077001705,2018,1705,Mesa County,Colorado,2238,45042,53305
08077001706,2018,1705,Mesa County,Colorado,2262,25446,38891
08077001707,2018,1707,Mesa County,Colorado,2369,54754,62614
08077001800,2018,1800,Mesa County,Colorado,1147,67232,75175
08077001900,2018,1900,Mesa County,Colorado,2166,72809,90071
08079973600,2018,973600,Mineral County,Colorado,375,61058,75049
08081000300,2018,300,Moffat County,Colorado,1109,71222,95164
08081000400,2018,400,Moffat County,Colorado,1829,50361,64172
08081000500,2018,500,Moffat County,Colorado,1744,47273,60372
08081000600,2018,600,Moffat County,Colorado,528,46827,61413
08083941100,2018,941100,Montezuma County,Colorado,593,28886,36470
08083969000,2018,969000,Montezuma County,Colorado,1427,53851,71418
08083969100,2018,969100,Montezuma County,Colorado,1550,56250,69043
08083969200,2018,969200,Montezuma County,Colorado,1178,55409,60455
08083969300,2018,969300,Montezuma County,Colorado,2325,42832,54669
08083969400,2018,969400,Montezuma County,Colorado,1616,34250,43001
08083969600,2018,969600,Montezuma County,Colorado,1926,58870,67177
08085966100,2018,966100,Montrose County,Colorado,1062,48063,57518
08085966201,2018,966201,Montrose County,Colorado,1122,52830,59077
08085966202,2018,966202,Montrose County,Colorado,1630,42500,51533
08085966300,2018,966300,Montrose County,Colorado,2631,38720,52772
08085966400,2018,966400,Montrose County,Colorado,2827,43323,53448
08085966501,2018,966501,Montrose County,Colorado,1197,73628,88388
08085966502,2018,966502,Montrose County,Colorado,1632,58500,68120
08085966503,2018,966503,Montrose County,Colorado,1446,40658,50683
08085966601,2018,966601,Montrose County,Colorado,1751,49846,59147
08085966602,2018,966602,Montrose County,Colorado,1827,63155,81216
08087000100,2018,100,Morgan County,Colorado,995,72462,84186
08087000200,2018,200,Morgan County,Colorado,1096,55439,68252
08087000300,2018,300,Morgan County,Colorado,819,43274,59270
08087000400,2018,400,Morgan County,Colorado,1702,47014,56603
08087000500,2018,500,Morgan County,Colorado,852,52209,62463
08087000600,2018,600,Morgan County,Colorado,2262,51507,61255
08087000700,2018,700,Morgan County,Colorado,2370,47924,55802
08087000800,2018,800,Morgan County,Colorado,689,64548,76787
08089968000,2018,968000,Otero County,Colorado,697,40524,48985
08089968100,2018,968100,Otero County,Colorado,1047,27167,38061
08089968200,2018,968200,Otero County,Colorado,1103,40332,49753
08089968300,2018,968300,Otero County,Colorado,1677,41433,47742
08089968400,2018,968400,Otero County,Colorado,459,35446,42963
08089968500,2018,968500,Otero County,Colorado,720,47647,76117
08089968600,2018,968600,Otero County,Colorado,1988,27295,37171
08091967600,2018,967600,Ouray County,Colorado,2194,62230,76708
08093000100,2018,100,Park County,Colorado,2567,70270,80812
08093000200,2018,200,Park County,Colorado,1561,73933,82038
08093000300,2018,300,Park County,Colorado,1223,53789,82620
08093000400,2018,400,Park County,Colorado,625,97188,97246
08093000500,2018,500,Park County,Colorado,1143,55625,86231
08095967600,2018,967600,Phillips County,Colorado,1152,54605,79767
08095967700,2018,967700,Phillips County,Colorado,516,41667,56381
08097000100,2018,100,Pitkin County,Colorado,2935,67056,104885
08097000401,2018,401,Pitkin County,Colorado,2206,66919,124632
08097000402,2018,401,Pitkin County,Colorado,1021,96563,184667
08097000500,2018,500,Pitkin County,Colorado,856,82339,141515
08099000100,2018,100,Prowers County,Colorado,569,61875,72345
08099000200,2018,200,Prowers County,Colorado,931,32077,40562
08099000300,2018,300,Prowers County,Colorado,2036,40304,48016
08099000600,2018,600,Prowers County,Colorado,548,42197,53584
08099000700,2018,700,Prowers County,Colorado,879,45865,62825
08101000100,2018,100,Pueblo County,Colorado,1130,46304,66530
08101000200,2018,200,Pueblo County,Colorado,698,34808,48070
08101000300,2018,300,Pueblo County,Colorado,0,-666666666,-666666666
08101000400,2018,400,Pueblo County,Colorado,1201,39756,58050
08101000500,2018,500,Pueblo County,Colorado,991,41192,47002
08101000600,2018,600,Pueblo County,Colorado,860,25000,35497
08101000800,2018,800,Pueblo County,Colorado,1226,29258,34056
08101000902,2018,902,Pueblo County,Colorado,2548,38331,56003
08101000903,2018,902,Pueblo County,Colorado,43,27917,28279
08101000904,2018,903,Pueblo County,Colorado,1928,43941,50887
08101000905,2018,905,Pueblo County,Colorado,1067,24180,36950
08101001000,2018,1000,Pueblo County,Colorado,1736,32960,38381
08101001100,2018,1100,Pueblo County,Colorado,978,30690,34007
08101001200,2018,1200,Pueblo County,Colorado,799,27875,37336
08101001400,2018,1400,Pueblo County,Colorado,643,27279,33309
08101001500,2018,1500,Pueblo County,Colorado,950,39808,56996
08101001600,2018,1600,Pueblo County,Colorado,786,50250,72274
08101001700,2018,1700,Pueblo County,Colorado,1965,40972,63270
08101001800,2018,1800,Pueblo County,Colorado,976,44143,46754
08101001900,2018,1900,Pueblo County,Colorado,656,35500,49501
08101002000,2018,2000,Pueblo County,Colorado,1276,33566,37845
08101002100,2018,2100,Pueblo County,Colorado,642,21296,30317
08101002200,2018,2200,Pueblo County,Colorado,612,25203,33509
08101002300,2018,2300,Pueblo County,Colorado,1515,32193,44209
08101002400,2018,2400,Pueblo County,Colorado,771,32049,47727
08101002500,2018,2500,Pueblo County,Colorado,1116,42905,53645
08101002600,2018,2600,Pueblo County,Colorado,1637,26752,35919
08101002700,2018,2700,Pueblo County,Colorado,2179,41317,52441
08101002801,2018,2801,Pueblo County,Colorado,2092,37059,47300
08101002802,2018,2802,Pueblo County,Colorado,1591,48423,54330
08101002804,2018,2804,Pueblo County,Colorado,1735,56673,70937
08101002806,2018,2806,Pueblo County,Colorado,1472,76207,85571
08101002807,2018,2807,Pueblo County,Colorado,1767,58398,71766
08101002808,2018,2808,Pueblo County,Colorado,1124,89688,111906
08101002901,2018,2901,Pueblo County,Colorado,1226,36473,41507
08101002903,2018,2903,Pueblo County,Colorado,2711,63480,79517
08101002906,2018,2906,Pueblo County,Colorado,1546,80500,99411
08101002911,2018,2911,Pueblo County,Colorado,929,79712,90544
08101002912,2018,2912,Pueblo County,Colorado,643,49583,55459
08101002913,2018,2913,Pueblo County,Colorado,1300,79280,87655
08101002914,2018,2914,Pueblo County,Colorado,1251,53412,65288
08101002915,2018,2915,Pueblo County,Colorado,910,61905,72176
08101002916,2018,2916,Pueblo County,Colorado,1244,37817,48403
08101002917,2018,2917,Pueblo County,Colorado,1090,78542,93408
08101002918,2018,2918,Pueblo County,Colorado,2486,73254,77273
08101003001,2018,3001,Pueblo County,Colorado,414,37326,51876
08101003004,2018,3004,Pueblo County,Colorado,1074,92375,138854
08101003103,2018,3103,Pueblo County,Colorado,736,37826,66749
08101003104,2018,3104,Pueblo County,Colorado,869,57212,69867
08101003105,2018,3105,Pueblo County,Colorado,1157,75845,85809
08101003106,2018,3106,Pueblo County,Colorado,438,65313,74633
08101003200,2018,3200,Pueblo County,Colorado,1261,55144,64096
08101003500,2018,3500,Pueblo County,Colorado,970,17818,27160
08101003600,2018,3600,Pueblo County,Colorado,797,31920,43144
08101980100,2018,980100,Pueblo County,Colorado,0,-666666666,-666666666
08103951100,2018,951100,Rio Blanco County,Colorado,1503,49250,64947
08103951200,2018,951200,Rio Blanco County,Colorado,900,72083,77797
08105976700,2018,976700,Rio Grande County,Colorado,1946,36768,48380
08105976800,2018,976800,Rio Grande County,Colorado,744,33258,40558
08105977000,2018,977000,Rio Grande County,Colorado,1814,47696,65796
08107000100,2018,100,Routt County,Colorado,857,74944,105710
08107000200,2018,200,Routt County,Colorado,781,57361,70183
08107000300,2018,300,Routt County,Colorado,1071,64402,77107
08107000400,2018,400,Routt County,Colorado,1324,82813,114967
08107000500,2018,500,Routt County,Colorado,1502,82864,108484
08107000600,2018,600,Routt County,Colorado,1199,100542,114712
08107000700,2018,700,Routt County,Colorado,2001,70729,96946
08107000800,2018,800,Routt County,Colorado,817,61902,75223
08109977600,2018,977600,Saguache County,Colorado,1588,31044,50411
08109977700,2018,977700,Saguache County,Colorado,1057,40457,56837
08111972600,2018,972600,San Juan County,Colorado,266,46563,65985
08113968101,2018,968101,San Miguel County,Colorado,794,66613,88899
08113968102,2018,968102,San Miguel County,Colorado,897,60139,113182
08113968103,2018,968103,San Miguel County,Colorado,1031,75660,102623
08113968200,2018,968200,San Miguel County,Colorado,719,61736,94659
08115968300,2018,968300,Sedgwick County,Colorado,1017,45188,55788
08117000100,2018,100,Summit County,Colorado,2701,73807,93203
08117000200,2018,200,Summit County,Colorado,2122,88194,111945
08117000300,2018,300,Summit County,Colorado,1748,65806,70971
08117000401,2018,401,Summit County,Colorado,1248,80833,97653
08117000402,2018,401,Summit County,Colorado,1888,91818,101702
08119010103,2018,10103,Teller County,Colorado,3144,78971,95146
08119010104,2018,10104,Teller County,Colorado,917,46250,63350
08119010105,2018,10105,Teller County,Colorado,2445,73904,89748
08119010106,2018,10106,Teller County,Colorado,2224,54760,71680
08119010201,2018,10201,Teller County,Colorado,1127,48281,54736
08119010202,2018,10202,Teller County,Colorado,326,53125,62774
08121924100,2018,924100,Washington County,Colorado,882,51667,70955
08121924200,2018,924200,Washington County,Colorado,1148,48295,58953
08123000100,2018,100,Weld County,Colorado,1388,21405,29220
08123000200,2018,200,Weld County,Colorado,868,27500,39021
08123000300,2018,300,Weld County,Colorado,0,-666666666,-666666666
08123000401,2018,401,Weld County,Colorado,1340,64815,69235
08123000402,2018,401,Weld County,Colorado,1366,53929,58267
08123000501,2018,501,Weld County,Colorado,1031,32716,42898
08123000502,2018,501,Weld County,Colorado,1265,44031,52409
08123000600,2018,600,Weld County,Colorado,253,34327,43445
08123000701,2018,701,Weld County,Colorado,550,48295,53074
08123000703,2018,703,Weld County,Colorado,2049,51409,57362
08123000704,2018,704,Weld County,Colorado,310,81607,86835
08123000705,2018,705,Weld County,Colorado,600,60982,63394
08123000800,2018,800,Weld County,Colorado,1238,31311,56960
08123000900,2018,900,Weld County,Colorado,1114,52628,63004
08123001003,2018,1002,Weld County,Colorado,1714,35714,40430
08123001004,2018,1003,Weld County,Colorado,1483,45345,59458
08123001005,2018,1005,Weld County,Colorado,2420,56694,76123
08123001006,2018,1006,Weld County,Colorado,1665,52188,60733
08123001100,2018,1100,Weld County,Colorado,1936,51250,62777
08123001201,2018,1201,Weld County,Colorado,1683,40483,49485
08123001202,2018,1202,Weld County,Colorado,1145,63324,79115
08123001300,2018,1300,Weld County,Colorado,2481,40230,48053
08123001404,2018,1404,Weld County,Colorado,1047,63350,78012
08123001405,2018,1405,Weld County,Colorado,1543,72372,81444
08123001406,2018,1406,Weld County,Colorado,2453,73666,92139
08123001407,2018,1407,Weld County,Colorado,1057,100944,121342
08123001408,2018,1408,Weld County,Colorado,753,76181,98452
08123001409,2018,1409,Weld County,Colorado,1447,61691,73710
08123001410,2018,1410,Weld County,Colorado,1400,70000,96110
08123001411,2018,1411,Weld County,Colorado,1076,74214,87357
08123001412,2018,1412,Weld County,Colorado,1086,81864,90669
08123001413,2018,1413,Weld County,Colorado,966,67330,73065
08123001414,2018,1414,Weld County,Colorado,814,81500,96201
08123001415,2018,1415,Weld County,Colorado,1208,92930,104414
08123001416,2018,1416,Weld County,Colorado,1087,92574,120532
08123001417,2018,1417,Weld County,Colorado,946,60345,71555
08123001500,2018,1500,Weld County,Colorado,2590,79091,88621
08123001600,2018,1600,Weld County,Colorado,1582,78906,97942
08123001700,2018,1700,Weld County,Colorado,1819,56601,77006
08123001800,2018,1800,Weld County,Colorado,1600,64023,93486
08123001902,2018,1902,Weld County,Colorado,2596,70865,78792
08123001905,2018,1905,Weld County,Colorado,1461,63504,74486
08123001906,2018,1905,Weld County,Colorado,575,67578,80237
08123001907,2018,1907,Weld County,Colorado,1004,75694,103243
08123001908,2018,1907,Weld County,Colorado,1042,59643,81008
08123002004,2018,2004,Weld County,Colorado,1601,53932,64638
08123002005,2018,2005,Weld County,Colorado,343,114188,115447
08123002006,2018,2005,Weld County,Colorado,95,132734,139848
08123002007,2018,2007,Weld County,Colorado,2426,109921,117592
08123002008,2018,2007,Weld County,Colorado,1974,120156,129966
08123002009,2018,2009,Weld County,Colorado,656,97188,123151
08123002010,2018,2010,Weld County,Colorado,857,60329,73797
08123002011,2018,2011,Weld County,Colorado,419,113661,172893
08123002012,2018,2012,Weld County,Colorado,410,120083,117994
08123002013,2018,2013,Weld County,Colorado,996,106143,110899
08123002014,2018,2014,Weld County,Colorado,730,74681,86013
08123002015,2018,2014,Weld County,Colorado,410,96250,108596
08123002016,2018,2016,Weld County,Colorado,1139,67422,77554
08123002017,2018,2017,Weld County,Colorado,217,145938,175672
08123002018,2018,2018,Weld County,Colorado,532,120789,127490
08123002019,2018,2019,Weld County,Colorado,1905,96419,102161
08123002020,2018,2020,Weld County,Colorado,1678,110607,116623
08123002021,2018,2021,Weld County,Colorado,258,90000,106237
08123002101,2018,2101,Weld County,Colorado,3139,80830,84721
08123002102,2018,2102,Weld County,Colorado,4517,88708,103602
08123002103,2018,2103,Weld County,Colorado,3480,99122,118127
08123002203,2018,2203,Weld County,Colorado,824,98074,133542
08123002204,2018,2204,Weld County,Colorado,779,91016,100481
08123002205,2018,2205,Weld County,Colorado,1807,75863,88702
08123002206,2018,2206,Weld County,Colorado,1395,70956,88296
08123002207,2018,2207,Weld County,Colorado,1025,99479,103150
08123002208,2018,2208,Weld County,Colorado,2002,97606,114896
08123002209,2018,2209,Weld County,Colorado,797,101838,133250
08123002210,2018,2210,Weld County,Colorado,299,111979,134064
08123002300,2018,2300,Weld County,Colorado,2035,61658,78117
08123002501,2018,2501,Weld County,Colorado,1962,64634,89089
08123002502,2018,2502,Weld County,Colorado,2343,72463,86745
08125963100,2018,963100,Yuma County,Colorado,1665,50075,71401
08125963200,2018,963200,Yuma County,Colorado,2386,47824,59117
